timestamp,subscription_id,old_delivery_price,new_delivery_price,status,error
2026-01-12T00:35:26.897+00:00,4107010247,15.9,16.90,success,
2026-01-12T02:41:08.483+00:00,23684153543,9.6,10.3,success,
2026-01-12T02:41:10.369+00:00,23671537863,9.6,10.3,success,
2026-01-12T02:41:11.965+00:00,22838149319,9.6,10.3,success,
2026-01-13T00:24:23.008+00:00,19077333191,21.9,24.9,success,
2026-01-13T00:24:25.066+00:00,17405673671,21.9,24.9,success,
2026-01-13T00:24:26.455+00:00,17302880455,21.9,24.9,success,
2026-01-13T00:24:28.207+00:00,17041490119,21.9,24.9,success,
2026-01-13T00:24:29.699+00:00,12700811463,21.9,24.9,success,
2026-01-13T00:24:31.559+00:00,8992489671,21.9,24.9,success,
2026-01-13T00:24:33.276+00:00,8632336583,21.9,24.9,success,
2026-01-13T00:24:35.099+00:00,8010858695,21.9,24.9,success,
2026-01-13T00:24:36.626+00:00,5537333447,21.9,24.9,success,
2026-01-13T00:24:38.105+00:00,4922867911,21.9,24.9,success,
2026-01-13T00:24:39.571+00:00,4084596935,21.9,24.9,success,
2026-01-13T00:24:41.413+00:00,3972169927,21.9,24.9,success,
2026-01-13T00:24:42.948+00:00,3820880071,21.9,24.9,success,
2026-01-13T00:24:44.769+00:00,3629973703,21.9,24.9,success,
2026-01-13T00:24:46.628+00:00,3351838919,21.9,24.9,success,
2026-01-13T00:24:48.788+00:00,3174564039,21.9,24.9,success,
2026-01-13T00:24:50.242+00:00,3077243079,21.9,24.9,success,
2026-01-13T00:24:52.205+00:00,3073605831,21.9,24.9,success,
2026-01-13T00:24:53.935+00:00,3032711367,21.9,24.9,success,
2026-01-13T00:24:55.744+00:00,2932539591,21.9,24.9,success,
2026-01-13T00:24:57.589+00:00,2932506823,21.9,24.9,success,
2026-01-13T00:24:59.453+00:00,2882207943,21.9,24.9,success,
2026-01-13T00:25:01.334+00:00,2754019527,21.9,24.9,success,
2026-01-13T00:25:02.948+00:00,2616000711,21.9,24.9,success,
2026-01-13T00:25:04.493+00:00,2589360327,21.9,24.9,success,
2026-01-13T00:25:06.509+00:00,2540699847,21.9,24.9,success,
2026-01-13T00:25:08.039+00:00,2524315847,21.9,24.9,success,
2026-01-13T00:25:09.459+00:00,2521891015,24.9,24.9,success,
2026-01-13T00:37:03.554+00:00,22174793927,16.9,18.2,success,
2026-01-13T00:37:05.485+00:00,22122365127,16.9,18.2,success,
2026-01-13T00:37:07.577+00:00,22110109895,16.9,18.2,success,
2026-01-13T00:37:09.248+00:00,22060073159,16.9,18.2,success,
2026-01-13T00:37:11.047+00:00,21998174407,16.9,18.2,success,
2026-01-13T00:37:12.748+00:00,21944565959,18.2,18.2,success,
2026-01-13T00:37:14.397+00:00,21919924423,16.9,18.2,success,
2026-01-13T00:37:16.130+00:00,21908979911,16.9,18.2,success,
2026-01-13T00:37:17.492+00:00,21886238919,16.9,18.2,success,
2026-01-13T00:37:19.333+00:00,21880012999,16.9,18.2,success,
2026-01-13T00:37:20.700+00:00,21854879943,16.9,18.2,success,
2026-01-13T00:37:22.217+00:00,21836824775,16.9,18.2,success,
2026-01-13T00:37:23.807+00:00,21829419207,16.9,18.2,success,
2026-01-13T00:37:26.091+00:00,21801894087,16.9,18.2,success,
2026-01-13T00:37:28.268+00:00,21800943815,18.2,18.2,success,
2026-01-13T00:37:29.734+00:00,21738717383,16.9,18.2,success,
2026-01-13T00:37:31.207+00:00,21733245127,16.9,18.2,success,
2026-01-13T00:37:32.957+00:00,21712109767,16.9,18.2,success,
2026-01-13T00:37:34.669+00:00,21669347527,16.9,18.2,success,
2026-01-13T00:37:36.588+00:00,21587067079,18.2,18.2,success,
2026-01-13T00:37:37.963+00:00,21513273543,16.9,18.2,success,
2026-01-13T00:37:40.057+00:00,21488730311,16.9,18.2,success,
2026-01-13T00:37:41.847+00:00,21473591495,16.9,18.2,success,
2026-01-13T00:37:43.510+00:00,21451440327,18.2,18.2,success,
2026-01-13T00:37:45.088+00:00,21379678407,16.9,18.2,success,
2026-01-13T00:37:47.032+00:00,21370994887,18.2,18.2,success,
2026-01-13T00:37:48.506+00:00,21353955527,16.9,18.2,success,
2026-01-13T00:37:50.007+00:00,21345763527,16.9,18.2,success,
2026-01-13T00:37:51.821+00:00,21249982663,16.9,18.2,success,
2026-01-13T00:37:53.402+00:00,21045117127,16.9,18.2,success,
2026-01-13T00:37:55.182+00:00,21044920519,N/A,18.2,error,Failed to fetch subscription 21044920519: Too many attempts
2026-01-13T00:37:55.303+00:00,21000519879,N/A,18.2,error,Failed to fetch subscription 21000519879: Too many attempts
2026-01-13T00:37:55.466+00:00,20999241927,N/A,18.2,error,Failed to fetch subscription 20999241927: Too many attempts
2026-01-13T00:37:55.583+00:00,20978827463,N/A,18.2,error,Failed to fetch subscription 20978827463: Too many attempts
2026-01-13T00:37:55.698+00:00,20976238791,N/A,18.2,error,Failed to fetch subscription 20976238791: Too many attempts
2026-01-13T00:37:55.830+00:00,20961001671,N/A,18.2,error,Failed to fetch subscription 20961001671: Too many attempts
2026-01-13T00:37:55.946+00:00,20959068359,N/A,18.2,error,Failed to fetch subscription 20959068359: Too many attempts
2026-01-13T00:37:56.080+00:00,20945305799,N/A,18.2,error,Failed to fetch subscription 20945305799: Too many attempts
2026-01-13T00:37:56.207+00:00,20937867463,N/A,18.2,error,Failed to fetch subscription 20937867463: Too many attempts
2026-01-13T00:37:56.328+00:00,20906311879,N/A,18.2,error,Failed to fetch subscription 20906311879: Too many attempts
2026-01-13T00:37:56.447+00:00,20873609415,N/A,18.2,error,Failed to fetch subscription 20873609415: Too many attempts
2026-01-13T00:37:56.639+00:00,20857323719,N/A,18.2,error,Failed to fetch subscription 20857323719: Too many attempts
2026-01-13T00:37:56.760+00:00,20830519495,N/A,18.2,error,Failed to fetch subscription 20830519495: Too many attempts
2026-01-13T00:37:56.895+00:00,20787560647,N/A,18.2,error,Failed to fetch subscription 20787560647: Too many attempts
2026-01-13T00:37:57.014+00:00,20776255687,N/A,18.2,error,Failed to fetch subscription 20776255687: Too many attempts
2026-01-13T00:37:57.157+00:00,20755513543,N/A,18.2,error,Failed to fetch subscription 20755513543: Too many attempts
2026-01-13T00:37:57.281+00:00,20735099079,N/A,18.2,error,Failed to fetch subscription 20735099079: Too many attempts
2026-01-13T00:37:57.453+00:00,20692435143,N/A,18.2,error,Failed to fetch subscription 20692435143: Too many attempts
2026-01-13T00:37:57.578+00:00,20624539847,N/A,18.2,error,Failed to fetch subscription 20624539847: Too many attempts
2026-01-13T00:37:57.722+00:00,20587806919,N/A,18.2,error,Failed to fetch subscription 20587806919: Too many attempts
2026-01-13T00:37:57.946+00:00,20575912135,N/A,18.2,error,Failed to fetch subscription 20575912135: Too many attempts
2026-01-13T00:37:58.079+00:00,20570538183,N/A,18.2,error,Failed to fetch subscription 20570538183: Too many attempts
2026-01-13T00:37:58.225+00:00,20536623303,N/A,18.2,error,Failed to fetch subscription 20536623303: Too many attempts
2026-01-13T00:37:58.347+00:00,20529021127,N/A,18.2,error,Failed to fetch subscription 20529021127: Too many attempts
2026-01-13T00:37:58.461+00:00,20462960839,N/A,18.2,error,Failed to fetch subscription 20462960839: Too many attempts
2026-01-13T00:37:58.582+00:00,20398932167,N/A,18.2,error,Failed to fetch subscription 20398932167: Too many attempts
2026-01-13T00:37:58.694+00:00,20393722055,N/A,18.2,error,Failed to fetch subscription 20393722055: Too many attempts
2026-01-13T00:37:58.818+00:00,20389036231,N/A,18.2,error,Failed to fetch subscription 20389036231: Too many attempts
2026-01-13T00:37:58.978+00:00,20282704071,N/A,18.2,error,Failed to fetch subscription 20282704071: Too many attempts
2026-01-13T00:37:59.097+00:00,20270481607,N/A,18.2,error,Failed to fetch subscription 20270481607: Too many attempts
2026-01-13T00:37:59.223+00:00,20222771399,N/A,18.2,error,Failed to fetch subscription 20222771399: Too many attempts
2026-01-13T00:37:59.349+00:00,20217036999,N/A,18.2,error,Failed to fetch subscription 20217036999: Too many attempts
2026-01-13T00:37:59.466+00:00,20207108295,N/A,18.2,error,Failed to fetch subscription 20207108295: Too many attempts
2026-01-13T00:37:59.603+00:00,20191707335,N/A,18.2,error,Failed to fetch subscription 20191707335: Too many attempts
2026-01-13T00:37:59.726+00:00,19970523335,N/A,18.2,error,Failed to fetch subscription 19970523335: Too many attempts
2026-01-13T00:37:59.870+00:00,19834896583,N/A,18.2,error,Failed to fetch subscription 19834896583: Too many attempts
2026-01-13T00:37:59.990+00:00,19787350215,N/A,18.2,error,Failed to fetch subscription 19787350215: Too many attempts
2026-01-13T00:38:00.190+00:00,19757957319,N/A,18.2,error,Failed to fetch subscription 19757957319: Too many attempts
2026-01-13T00:38:00.340+00:00,19656671431,N/A,18.2,error,Failed to fetch subscription 19656671431: Too many attempts
2026-01-13T00:38:00.606+00:00,19597918407,N/A,18.2,error,Failed to fetch subscription 19597918407: Too many attempts
2026-01-13T00:38:00.718+00:00,19517735111,N/A,18.2,error,Failed to fetch subscription 19517735111: Too many attempts
2026-01-13T00:38:00.836+00:00,19453608135,N/A,18.2,error,Failed to fetch subscription 19453608135: Too many attempts
2026-01-13T00:38:00.949+00:00,19435749575,N/A,18.2,error,Failed to fetch subscription 19435749575: Too many attempts
2026-01-13T00:38:01.076+00:00,19430375623,N/A,18.2,error,Failed to fetch subscription 19430375623: Too many attempts
2026-01-13T00:38:01.204+00:00,19398033607,N/A,18.2,error,Failed to fetch subscription 19398033607: Too many attempts
2026-01-13T00:38:01.395+00:00,19230097607,N/A,18.2,error,Failed to fetch subscription 19230097607: Too many attempts
2026-01-13T00:38:01.569+00:00,19218890951,N/A,18.2,error,Failed to fetch subscription 19218890951: Too many attempts
2026-01-13T00:38:01.699+00:00,19181011143,N/A,18.2,error,Failed to fetch subscription 19181011143: Too many attempts
2026-01-13T00:38:01.818+00:00,19149914311,N/A,18.2,error,Failed to fetch subscription 19149914311: Too many attempts
2026-01-13T00:38:01.945+00:00,19137790151,N/A,18.2,error,Failed to fetch subscription 19137790151: Too many attempts
2026-01-13T00:38:02.064+00:00,19134808263,N/A,18.2,error,Failed to fetch subscription 19134808263: Too many attempts
2026-01-13T00:38:02.193+00:00,18966249671,N/A,18.2,error,Failed to fetch subscription 18966249671: Too many attempts
2026-01-13T00:38:02.331+00:00,18962907335,N/A,18.2,error,Failed to fetch subscription 18962907335: Too many attempts
2026-01-13T00:38:02.461+00:00,18945245383,N/A,18.2,error,Failed to fetch subscription 18945245383: Too many attempts
2026-01-13T00:38:02.600+00:00,18942001351,N/A,18.2,error,Failed to fetch subscription 18942001351: Too many attempts
2026-01-13T00:38:02.715+00:00,18931253447,N/A,18.2,error,Failed to fetch subscription 18931253447: Too many attempts
2026-01-13T00:38:02.876+00:00,18917130439,N/A,18.2,error,Failed to fetch subscription 18917130439: Too many attempts
2026-01-13T00:38:02.993+00:00,18835013831,N/A,18.2,error,Failed to fetch subscription 18835013831: Too many attempts
2026-01-13T00:38:03.116+00:00,18765152455,N/A,18.2,error,Failed to fetch subscription 18765152455: Too many attempts
2026-01-13T00:38:03.258+00:00,17705730247,N/A,18.2,error,Failed to fetch subscription 17705730247: Too many attempts
2026-01-13T00:38:03.401+00:00,17536516295,N/A,18.2,error,Failed to fetch subscription 17536516295: Too many attempts
2026-01-13T00:38:03.620+00:00,17531863239,N/A,18.2,error,Failed to fetch subscription 17531863239: Too many attempts
2026-01-13T00:38:03.744+00:00,17493590215,N/A,18.2,error,Failed to fetch subscription 17493590215: Too many attempts
2026-01-13T00:38:03.863+00:00,17488675015,18.2,18.2,success,
2026-01-13T00:38:05.818+00:00,17403969735,15.9,18.2,success,
2026-01-13T00:38:07.325+00:00,17387880647,15.9,18.2,success,
2026-01-13T00:38:08.937+00:00,17329520839,15.9,18.2,success,
2026-01-13T00:38:10.815+00:00,17317789895,15.9,18.2,success,
2026-01-13T00:38:12.887+00:00,17301602503,15.9,18.2,success,
2026-01-13T00:38:14.616+00:00,17284792519,15.9,18.2,success,
2026-01-13T00:38:16.030+00:00,17265295559,15.9,18.2,success,
2026-01-13T00:38:17.561+00:00,17033003207,15.9,18.2,success,
2026-01-13T00:38:18.975+00:00,16994238663,15.9,18.2,success,
2026-01-13T00:38:20.983+00:00,16841605319,15.9,18.2,success,
2026-01-13T00:38:22.818+00:00,16821682375,15.9,18.2,success,
2026-01-13T00:38:24.446+00:00,16784130247,15.9,18.2,success,
2026-01-13T00:38:25.921+00:00,16781803719,15.9,18.2,success,
2026-01-13T00:38:27.932+00:00,16744644807,16.9,18.2,success,
2026-01-13T00:38:29.315+00:00,16659185863,15.9,18.2,success,
2026-01-13T00:38:31.207+00:00,16593813703,18.2,18.2,success,
2026-01-13T00:38:32.923+00:00,16530342087,16.9,18.2,success,
2026-01-13T00:38:34.299+00:00,16529359047,16.9,18.2,success,
2026-01-13T00:38:35.715+00:00,16425910471,15.9,18.2,success,
2026-01-13T00:38:37.250+00:00,16389505223,16.9,18.2,success,
2026-01-13T00:38:39.207+00:00,16388391111,16.9,18.2,success,
2026-01-13T00:38:40.847+00:00,16368238791,16.9,18.2,success,
2026-01-13T00:38:42.344+00:00,16364634311,18.2,18.2,success,
2026-01-13T00:38:43.781+00:00,16329146567,16.9,18.2,success,
2026-01-13T00:38:45.253+00:00,16154951879,15.9,18.2,success,
2026-01-13T00:38:46.736+00:00,16106324167,18.2,18.2,success,
2026-01-13T00:38:48.149+00:00,16100786375,18.2,18.2,success,
2026-01-13T00:38:50.104+00:00,16086237383,18.2,18.2,success,
2026-01-13T00:38:52.045+00:00,16017031367,18.2,18.2,success,
2026-01-13T00:38:54.579+00:00,15936127175,N/A,18.2,error,Failed to fetch subscription 15936127175: Too many attempts
2026-01-13T00:38:54.695+00:00,15929245895,N/A,18.2,error,Failed to fetch subscription 15929245895: Too many attempts
2026-01-13T00:38:54.840+00:00,15920332999,N/A,18.2,error,Failed to fetch subscription 15920332999: Too many attempts
2026-01-13T00:38:54.958+00:00,15918760135,N/A,18.2,error,Failed to fetch subscription 15918760135: Too many attempts
2026-01-13T00:38:55.076+00:00,15678832839,N/A,18.2,error,Failed to fetch subscription 15678832839: Too many attempts
2026-01-13T00:38:55.275+00:00,15413510343,N/A,18.2,error,Failed to fetch subscription 15413510343: Too many attempts
2026-01-13T00:38:55.407+00:00,15293055175,N/A,18.2,error,Failed to fetch subscription 15293055175: Too many attempts
2026-01-13T00:38:55.523+00:00,15199699143,N/A,18.2,error,Failed to fetch subscription 15199699143: Too many attempts
2026-01-13T00:38:55.642+00:00,14957609159,N/A,18.2,error,Failed to fetch subscription 14957609159: Too many attempts
2026-01-13T00:38:55.774+00:00,14927331527,N/A,18.2,error,Failed to fetch subscription 14927331527: Too many attempts
2026-01-13T00:38:55.891+00:00,14921498823,N/A,18.2,error,Failed to fetch subscription 14921498823: Too many attempts
2026-01-13T00:38:56.021+00:00,14911832263,N/A,18.2,error,Failed to fetch subscription 14911832263: Too many attempts
2026-01-13T00:38:56.137+00:00,14698348743,N/A,18.2,error,Failed to fetch subscription 14698348743: Too many attempts
2026-01-13T00:38:56.248+00:00,14427193543,N/A,18.2,error,Failed to fetch subscription 14427193543: Too many attempts
2026-01-13T00:38:56.374+00:00,14283538631,N/A,18.2,error,Failed to fetch subscription 14283538631: Too many attempts
2026-01-13T00:38:56.492+00:00,14192836807,N/A,18.2,error,Failed to fetch subscription 14192836807: Too many attempts
2026-01-13T00:38:56.646+00:00,13729530055,N/A,18.2,error,Failed to fetch subscription 13729530055: Too many attempts
2026-01-13T00:38:56.770+00:00,13729398983,N/A,18.2,error,Failed to fetch subscription 13729398983: Too many attempts
2026-01-13T00:38:56.881+00:00,13728678087,N/A,18.2,error,Failed to fetch subscription 13728678087: Too many attempts
2026-01-13T00:38:57.013+00:00,13697548487,N/A,18.2,error,Failed to fetch subscription 13697548487: Too many attempts
2026-01-13T00:38:57.132+00:00,13291749575,N/A,18.2,error,Failed to fetch subscription 13291749575: Too many attempts
2026-01-13T00:38:57.253+00:00,13241745607,N/A,18.2,error,Failed to fetch subscription 13241745607: Too many attempts
2026-01-13T00:38:57.392+00:00,13175423175,N/A,18.2,error,Failed to fetch subscription 13175423175: Too many attempts
2026-01-13T00:38:57.508+00:00,13141475527,N/A,18.2,error,Failed to fetch subscription 13141475527: Too many attempts
2026-01-13T00:38:57.631+00:00,12902924487,N/A,18.2,error,Failed to fetch subscription 12902924487: Too many attempts
2026-01-13T00:38:57.763+00:00,12734628039,N/A,18.2,error,Failed to fetch subscription 12734628039: Too many attempts
2026-01-13T00:38:57.930+00:00,12526289095,N/A,18.2,error,Failed to fetch subscription 12526289095: Too many attempts
2026-01-13T00:38:58.087+00:00,12245008583,N/A,18.2,error,Failed to fetch subscription 12245008583: Too many attempts
2026-01-13T00:38:58.313+00:00,12183994567,N/A,18.2,error,Failed to fetch subscription 12183994567: Too many attempts
2026-01-13T00:38:58.466+00:00,12144738503,N/A,18.2,error,Failed to fetch subscription 12144738503: Too many attempts
2026-01-13T00:38:58.589+00:00,12112298183,N/A,18.2,error,Failed to fetch subscription 12112298183: Too many attempts
2026-01-13T00:38:58.717+00:00,12080545991,N/A,18.2,error,Failed to fetch subscription 12080545991: Too many attempts
2026-01-13T00:38:58.836+00:00,11939840199,N/A,18.2,error,Failed to fetch subscription 11939840199: Too many attempts
2026-01-13T00:38:58.966+00:00,11920965831,N/A,18.2,error,Failed to fetch subscription 11920965831: Too many attempts
2026-01-13T00:38:59.096+00:00,11673370823,N/A,18.2,error,Failed to fetch subscription 11673370823: Too many attempts
2026-01-13T00:38:59.220+00:00,11655872711,N/A,18.2,error,Failed to fetch subscription 11655872711: Too many attempts
2026-01-13T00:38:59.341+00:00,11600756935,N/A,18.2,error,Failed to fetch subscription 11600756935: Too many attempts
2026-01-13T00:38:59.457+00:00,11553145031,N/A,18.2,error,Failed to fetch subscription 11553145031: Too many attempts
2026-01-13T00:38:59.629+00:00,10006134983,N/A,18.2,error,Failed to fetch subscription 10006134983: Too many attempts
2026-01-13T00:38:59.746+00:00,9873359047,N/A,18.2,error,Failed to fetch subscription 9873359047: Too many attempts
2026-01-13T00:38:59.863+00:00,9826468039,N/A,18.2,error,Failed to fetch subscription 9826468039: Too many attempts
2026-01-13T00:38:59.980+00:00,9709813959,N/A,18.2,error,Failed to fetch subscription 9709813959: Too many attempts
2026-01-13T00:39:00.264+00:00,9592406215,N/A,18.2,error,Failed to fetch subscription 9592406215: Too many attempts
2026-01-13T00:39:00.466+00:00,9503015111,N/A,18.2,error,Failed to fetch subscription 9503015111: Too many attempts
2026-01-13T00:39:00.644+00:00,9435775175,N/A,18.2,error,Failed to fetch subscription 9435775175: Too many attempts
2026-01-13T00:39:00.815+00:00,9417883847,N/A,18.2,error,Failed to fetch subscription 9417883847: Too many attempts
2026-01-13T00:39:00.935+00:00,9240084679,N/A,18.2,error,Failed to fetch subscription 9240084679: Too many attempts
2026-01-13T00:39:01.055+00:00,9227337927,N/A,18.2,error,Failed to fetch subscription 9227337927: Too many attempts
2026-01-13T00:39:01.180+00:00,9141092551,N/A,18.2,error,Failed to fetch subscription 9141092551: Too many attempts
2026-01-13T00:39:01.333+00:00,9097183431,N/A,18.2,error,Failed to fetch subscription 9097183431: Too many attempts
2026-01-13T00:39:01.457+00:00,8994291911,N/A,18.2,error,Failed to fetch subscription 8994291911: Too many attempts
2026-01-13T00:39:01.611+00:00,8970666183,N/A,18.2,error,Failed to fetch subscription 8970666183: Too many attempts
2026-01-13T00:39:01.731+00:00,8845361351,N/A,18.2,error,Failed to fetch subscription 8845361351: Too many attempts
2026-01-13T00:39:01.855+00:00,8844738759,N/A,18.2,error,Failed to fetch subscription 8844738759: Too many attempts
2026-01-13T00:39:01.968+00:00,8841560263,N/A,18.2,error,Failed to fetch subscription 8841560263: Too many attempts
2026-01-13T00:39:02.095+00:00,8767340743,N/A,18.2,error,Failed to fetch subscription 8767340743: Too many attempts
2026-01-13T00:39:02.216+00:00,8543502535,N/A,18.2,error,Failed to fetch subscription 8543502535: Too many attempts
2026-01-13T00:39:02.336+00:00,8138162375,N/A,18.2,error,Failed to fetch subscription 8138162375: Too many attempts
2026-01-13T00:39:02.458+00:00,7870709959,N/A,18.2,error,Failed to fetch subscription 7870709959: Too many attempts
2026-01-13T00:39:02.573+00:00,7526187207,N/A,18.2,error,Failed to fetch subscription 7526187207: Too many attempts
2026-01-13T00:39:02.700+00:00,6983745735,N/A,18.2,error,Failed to fetch subscription 6983745735: Too many attempts
2026-01-13T00:39:02.825+00:00,6766198983,N/A,18.2,error,Failed to fetch subscription 6766198983: Too many attempts
2026-01-13T00:39:02.944+00:00,6747128007,N/A,18.2,error,Failed to fetch subscription 6747128007: Too many attempts
2026-01-13T00:39:03.064+00:00,5889097927,N/A,18.2,error,Failed to fetch subscription 5889097927: Too many attempts
2026-01-13T00:39:03.201+00:00,5694783687,N/A,18.2,error,Failed to fetch subscription 5694783687: Too many attempts
2026-01-13T00:39:03.335+00:00,5676105927,N/A,18.2,error,Failed to fetch subscription 5676105927: Too many attempts
2026-01-13T00:39:03.459+00:00,5570855111,N/A,18.2,error,Failed to fetch subscription 5570855111: Too many attempts
2026-01-13T00:39:03.576+00:00,5540675783,N/A,18.2,error,Failed to fetch subscription 5540675783: Too many attempts
2026-01-13T00:39:03.691+00:00,5449580743,N/A,18.2,error,Failed to fetch subscription 5449580743: Too many attempts
2026-01-13T00:39:03.807+00:00,5348425927,N/A,18.2,error,Failed to fetch subscription 5348425927: Too many attempts
2026-01-13T00:39:03.929+00:00,5297668295,18.2,18.2,success,
2026-01-13T00:39:05.896+00:00,5278924999,15.9,18.2,success,
2026-01-13T00:39:07.750+00:00,4909957319,15.9,18.2,success,
2026-01-13T00:39:09.577+00:00,4870799559,15.9,18.2,success,
2026-01-13T00:39:11.307+00:00,4828070087,15.9,18.2,success,
2026-01-13T00:39:12.811+00:00,4827316423,15.9,18.2,success,
2026-01-13T00:39:14.603+00:00,4800807111,16.9,18.2,success,
2026-01-13T00:39:16.760+00:00,4731470023,16.9,18.2,success,
2026-01-13T00:39:18.342+00:00,4681433287,15.9,18.2,success,
2026-01-13T00:39:20.254+00:00,4668391623,15.9,18.2,success,
2026-01-13T00:39:22.063+00:00,4600365255,16.9,18.2,success,
2026-01-13T00:39:23.964+00:00,4596957383,15.9,18.2,success,
2026-01-13T00:39:25.455+00:00,4223533255,15.9,18.2,success,
2026-01-13T00:39:27.315+00:00,4138107079,15.9,18.2,success,
2026-01-13T00:39:29.613+00:00,4080992455,15.9,18.2,success,
2026-01-13T00:39:31.533+00:00,3971285191,16.9,18.2,success,
2026-01-13T00:39:33.907+00:00,3755507911,15.9,18.2,success,
2026-01-13T00:39:35.769+00:00,3698196679,15.9,18.2,success,
2026-01-13T00:39:37.557+00:00,3685777607,15.9,18.2,success,
2026-01-13T00:39:39.200+00:00,3657072839,15.9,18.2,success,
2026-01-13T00:39:40.960+00:00,3642425543,15.9,18.2,success,
2026-01-13T00:39:43.361+00:00,3518857415,15.9,18.2,success,
2026-01-13T00:39:45.354+00:00,3518595271,15.9,18.2,success,
2026-01-13T00:39:47.240+00:00,3484123335,15.9,18.2,success,
2026-01-13T00:39:49.094+00:00,3352068295,15.9,18.2,success,
2026-01-13T00:39:50.754+00:00,3293839559,15.9,18.2,success,
2026-01-13T00:39:52.498+00:00,3289972935,15.9,18.2,success,
2026-01-13T00:39:54.615+00:00,3035300039,15.9,18.2,success,
2026-01-13T00:39:56.076+00:00,2984935623,15.9,18.2,success,
2026-01-13T00:39:57.797+00:00,2927427783,15.9,18.2,success,
2026-01-13T00:39:59.303+00:00,2903310535,N/A,18.2,error,Failed to fetch subscription 2903310535: Too many attempts
2026-01-13T00:39:59.428+00:00,2867036359,N/A,18.2,error,Failed to fetch subscription 2867036359: Too many attempts
2026-01-13T00:39:59.555+00:00,2851406023,N/A,18.2,error,Failed to fetch subscription 2851406023: Too many attempts
2026-01-13T00:39:59.697+00:00,2812838087,N/A,18.2,error,Failed to fetch subscription 2812838087: Too many attempts
2026-01-13T00:39:59.874+00:00,2728329415,N/A,18.2,error,Failed to fetch subscription 2728329415: Too many attempts
2026-01-13T00:40:00.314+00:00,2698838215,N/A,18.2,error,Failed to fetch subscription 2698838215: Too many attempts
2026-01-13T00:40:00.865+00:00,2689663175,N/A,18.2,error,Failed to fetch subscription 2689663175: Too many attempts
2026-01-13T00:40:01.073+00:00,2684027079,N/A,18.2,error,Failed to fetch subscription 2684027079: Too many attempts
2026-01-13T00:40:01.221+00:00,2590146759,N/A,18.2,error,Failed to fetch subscription 2590146759: Too many attempts
2026-01-13T00:40:01.344+00:00,2589950151,N/A,18.2,error,Failed to fetch subscription 2589950151: Too many attempts
2026-01-13T00:40:01.514+00:00,2551775431,N/A,18.2,error,Failed to fetch subscription 2551775431: Too many attempts
2026-01-13T00:40:01.632+00:00,2551578823,N/A,18.2,error,Failed to fetch subscription 2551578823: Too many attempts
2026-01-13T00:40:01.774+00:00,2543845575,N/A,18.2,error,Failed to fetch subscription 2543845575: Too many attempts
2026-01-13T00:40:01.907+00:00,2501542087,N/A,18.2,error,Failed to fetch subscription 2501542087: Too many attempts
2026-01-13T00:44:25.689+00:00,21044920519,16.9,18.2,success,
2026-01-13T00:44:27.295+00:00,21000519879,16.9,18.2,success,
2026-01-13T00:44:29.323+00:00,20999241927,16.9,18.2,success,
2026-01-13T00:44:30.918+00:00,20978827463,16.9,18.2,success,
2026-01-13T00:44:32.675+00:00,20976238791,16.9,18.2,success,
2026-01-13T00:44:34.058+00:00,20961001671,18.2,18.2,success,
2026-01-13T00:44:36.012+00:00,20959068359,16.9,18.2,success,
2026-01-13T00:44:37.661+00:00,20945305799,16.9,18.2,success,
2026-01-13T00:44:39.666+00:00,20937867463,16.9,18.2,success,
2026-01-13T00:44:41.031+00:00,20906311879,16.9,18.2,success,
2026-01-13T00:44:42.567+00:00,20873609415,16.9,18.2,success,
2026-01-13T00:44:44.206+00:00,20857323719,16.9,18.2,success,
2026-01-13T00:44:45.876+00:00,20830519495,16.9,18.2,success,
2026-01-13T00:44:47.586+00:00,20787560647,15.9,18.2,success,
2026-01-13T00:44:49.161+00:00,20776255687,16.9,18.2,success,
2026-01-13T00:44:50.473+00:00,20755513543,16.9,18.2,success,
2026-01-13T00:44:51.883+00:00,20735099079,16.9,18.2,success,
2026-01-13T00:44:53.562+00:00,20692435143,16.9,18.2,success,
2026-01-13T00:44:55.250+00:00,20624539847,16.9,18.2,success,
2026-01-13T00:44:57.165+00:00,20587806919,16.9,18.2,success,
2026-01-13T00:44:58.770+00:00,20575912135,16.9,18.2,success,
2026-01-13T00:45:01.162+00:00,20570538183,16.9,18.2,success,
2026-01-13T00:45:03.012+00:00,20536623303,16.9,18.2,success,
2026-01-13T00:45:04.455+00:00,20529021127,16.9,18.2,success,
2026-01-13T00:45:06.017+00:00,20462960839,16.9,18.2,success,
2026-01-13T00:45:07.676+00:00,20398932167,18.2,18.2,success,
2026-01-13T00:45:09.343+00:00,20393722055,16.9,18.2,success,
2026-01-13T00:45:10.943+00:00,20389036231,16.9,18.2,success,
2026-01-13T00:45:12.576+00:00,20282704071,16.9,18.2,error,Failed to update subscription 20282704071: Only active and paused subscriptions can be edited
2026-01-13T00:45:12.846+00:00,20270481607,18.2,18.2,success,
2026-01-13T00:45:15.358+00:00,20222771399,N/A,18.2,error,Failed to fetch subscription 20222771399: Too many attempts
2026-01-13T00:45:15.471+00:00,20217036999,N/A,18.2,error,Failed to fetch subscription 20217036999: Too many attempts
2026-01-13T00:45:15.585+00:00,20207108295,N/A,18.2,error,Failed to fetch subscription 20207108295: Too many attempts
2026-01-13T00:45:15.709+00:00,20191707335,N/A,18.2,error,Failed to fetch subscription 20191707335: Too many attempts
2026-01-13T00:45:15.825+00:00,19970523335,N/A,18.2,error,Failed to fetch subscription 19970523335: Too many attempts
2026-01-13T00:45:15.951+00:00,19834896583,N/A,18.2,error,Failed to fetch subscription 19834896583: Too many attempts
2026-01-13T00:45:16.068+00:00,19787350215,N/A,18.2,error,Failed to fetch subscription 19787350215: Too many attempts
2026-01-13T00:45:16.187+00:00,19757957319,N/A,18.2,error,Failed to fetch subscription 19757957319: Too many attempts
2026-01-13T00:45:16.309+00:00,19656671431,N/A,18.2,error,Failed to fetch subscription 19656671431: Too many attempts
2026-01-13T00:45:16.445+00:00,19597918407,N/A,18.2,error,Failed to fetch subscription 19597918407: Too many attempts
2026-01-13T00:45:16.563+00:00,19517735111,N/A,18.2,error,Failed to fetch subscription 19517735111: Too many attempts
2026-01-13T00:45:16.681+00:00,19453608135,N/A,18.2,error,Failed to fetch subscription 19453608135: Too many attempts
2026-01-13T00:45:16.814+00:00,19435749575,N/A,18.2,error,Failed to fetch subscription 19435749575: Too many attempts
2026-01-13T00:45:16.956+00:00,19430375623,N/A,18.2,error,Failed to fetch subscription 19430375623: Too many attempts
2026-01-13T00:45:17.108+00:00,19398033607,N/A,18.2,error,Failed to fetch subscription 19398033607: Too many attempts
2026-01-13T00:45:17.226+00:00,19230097607,N/A,18.2,error,Failed to fetch subscription 19230097607: Too many attempts
2026-01-13T00:45:17.338+00:00,19218890951,N/A,18.2,error,Failed to fetch subscription 19218890951: Too many attempts
2026-01-13T00:45:17.459+00:00,19181011143,N/A,18.2,error,Failed to fetch subscription 19181011143: Too many attempts
2026-01-13T00:45:17.581+00:00,19149914311,N/A,18.2,error,Failed to fetch subscription 19149914311: Too many attempts
2026-01-13T00:45:17.698+00:00,19137790151,N/A,18.2,error,Failed to fetch subscription 19137790151: Too many attempts
2026-01-13T00:45:17.812+00:00,19134808263,N/A,18.2,error,Failed to fetch subscription 19134808263: Too many attempts
2026-01-13T00:45:17.927+00:00,18966249671,N/A,18.2,error,Failed to fetch subscription 18966249671: Too many attempts
2026-01-13T00:45:18.052+00:00,18962907335,N/A,18.2,error,Failed to fetch subscription 18962907335: Too many attempts
2026-01-13T00:45:18.175+00:00,18945245383,N/A,18.2,error,Failed to fetch subscription 18945245383: Too many attempts
2026-01-13T00:45:18.290+00:00,18942001351,N/A,18.2,error,Failed to fetch subscription 18942001351: Too many attempts
2026-01-13T00:45:18.414+00:00,18931253447,N/A,18.2,error,Failed to fetch subscription 18931253447: Too many attempts
2026-01-13T00:45:18.533+00:00,18917130439,N/A,18.2,error,Failed to fetch subscription 18917130439: Too many attempts
2026-01-13T00:45:18.665+00:00,18835013831,N/A,18.2,error,Failed to fetch subscription 18835013831: Too many attempts
2026-01-13T00:45:18.780+00:00,18765152455,N/A,18.2,error,Failed to fetch subscription 18765152455: Too many attempts
2026-01-13T00:45:18.891+00:00,17705730247,N/A,18.2,error,Failed to fetch subscription 17705730247: Too many attempts
2026-01-13T00:45:19.016+00:00,17536516295,N/A,18.2,error,Failed to fetch subscription 17536516295: Too many attempts
2026-01-13T00:45:19.142+00:00,17531863239,N/A,18.2,error,Failed to fetch subscription 17531863239: Too many attempts
2026-01-13T00:45:19.257+00:00,17493590215,N/A,18.2,error,Failed to fetch subscription 17493590215: Too many attempts
2026-01-13T00:45:19.373+00:00,15936127175,N/A,18.2,error,Failed to fetch subscription 15936127175: Too many attempts
2026-01-13T00:45:19.491+00:00,15929245895,N/A,18.2,error,Failed to fetch subscription 15929245895: Too many attempts
2026-01-13T00:45:19.618+00:00,15920332999,N/A,18.2,error,Failed to fetch subscription 15920332999: Too many attempts
2026-01-13T00:45:19.734+00:00,15918760135,N/A,18.2,error,Failed to fetch subscription 15918760135: Too many attempts
2026-01-13T00:45:19.850+00:00,15678832839,N/A,18.2,error,Failed to fetch subscription 15678832839: Too many attempts
2026-01-13T00:45:19.961+00:00,15413510343,N/A,18.2,error,Failed to fetch subscription 15413510343: Too many attempts
2026-01-13T00:45:20.089+00:00,15293055175,N/A,18.2,error,Failed to fetch subscription 15293055175: Too many attempts
2026-01-13T00:45:20.202+00:00,15199699143,N/A,18.2,error,Failed to fetch subscription 15199699143: Too many attempts
2026-01-13T00:45:20.315+00:00,14957609159,N/A,18.2,error,Failed to fetch subscription 14957609159: Too many attempts
2026-01-13T00:45:20.449+00:00,14927331527,N/A,18.2,error,Failed to fetch subscription 14927331527: Too many attempts
2026-01-13T00:45:20.560+00:00,14921498823,N/A,18.2,error,Failed to fetch subscription 14921498823: Too many attempts
2026-01-13T00:45:20.672+00:00,14911832263,N/A,18.2,error,Failed to fetch subscription 14911832263: Too many attempts
2026-01-13T00:45:20.788+00:00,14698348743,N/A,18.2,error,Failed to fetch subscription 14698348743: Too many attempts
2026-01-13T00:45:20.928+00:00,14427193543,N/A,18.2,error,Failed to fetch subscription 14427193543: Too many attempts
2026-01-13T00:45:21.045+00:00,14283538631,N/A,18.2,error,Failed to fetch subscription 14283538631: Too many attempts
2026-01-13T00:45:21.196+00:00,14192836807,N/A,18.2,error,Failed to fetch subscription 14192836807: Too many attempts
2026-01-13T00:45:21.313+00:00,13729530055,N/A,18.2,error,Failed to fetch subscription 13729530055: Too many attempts
2026-01-13T00:45:21.441+00:00,13729398983,N/A,18.2,error,Failed to fetch subscription 13729398983: Too many attempts
2026-01-13T00:45:21.575+00:00,13728678087,N/A,18.2,error,Failed to fetch subscription 13728678087: Too many attempts
2026-01-13T00:45:21.699+00:00,13697548487,N/A,18.2,error,Failed to fetch subscription 13697548487: Too many attempts
2026-01-13T00:45:21.814+00:00,13291749575,N/A,18.2,error,Failed to fetch subscription 13291749575: Too many attempts
2026-01-13T00:45:21.927+00:00,13241745607,N/A,18.2,error,Failed to fetch subscription 13241745607: Too many attempts
2026-01-13T00:45:22.064+00:00,13175423175,N/A,18.2,error,Failed to fetch subscription 13175423175: Too many attempts
2026-01-13T00:45:22.187+00:00,13141475527,N/A,18.2,error,Failed to fetch subscription 13141475527: Too many attempts
2026-01-13T00:45:22.303+00:00,12902924487,N/A,18.2,error,Failed to fetch subscription 12902924487: Too many attempts
2026-01-13T00:45:22.421+00:00,12734628039,N/A,18.2,error,Failed to fetch subscription 12734628039: Too many attempts
2026-01-13T00:45:22.534+00:00,12526289095,N/A,18.2,error,Failed to fetch subscription 12526289095: Too many attempts
2026-01-13T00:45:22.648+00:00,12245008583,N/A,18.2,error,Failed to fetch subscription 12245008583: Too many attempts
2026-01-13T00:45:22.769+00:00,12183994567,N/A,18.2,error,Failed to fetch subscription 12183994567: Too many attempts
2026-01-13T00:45:22.890+00:00,12144738503,N/A,18.2,error,Failed to fetch subscription 12144738503: Too many attempts
2026-01-13T00:45:23.010+00:00,12112298183,N/A,18.2,error,Failed to fetch subscription 12112298183: Too many attempts
2026-01-13T00:45:23.134+00:00,12080545991,N/A,18.2,error,Failed to fetch subscription 12080545991: Too many attempts
2026-01-13T00:45:23.253+00:00,11939840199,N/A,18.2,error,Failed to fetch subscription 11939840199: Too many attempts
2026-01-13T00:45:23.369+00:00,11920965831,N/A,18.2,error,Failed to fetch subscription 11920965831: Too many attempts
2026-01-13T00:45:23.496+00:00,11673370823,N/A,18.2,error,Failed to fetch subscription 11673370823: Too many attempts
2026-01-13T00:45:23.608+00:00,11655872711,N/A,18.2,error,Failed to fetch subscription 11655872711: Too many attempts
2026-01-13T00:45:23.728+00:00,11600756935,N/A,18.2,error,Failed to fetch subscription 11600756935: Too many attempts
2026-01-13T00:45:23.849+00:00,11553145031,N/A,18.2,error,Failed to fetch subscription 11553145031: Too many attempts
2026-01-13T00:45:23.999+00:00,10006134983,N/A,18.2,error,Failed to fetch subscription 10006134983: Too many attempts
2026-01-13T00:45:24.119+00:00,9873359047,N/A,18.2,error,Failed to fetch subscription 9873359047: Too many attempts
2026-01-13T00:45:24.247+00:00,9826468039,N/A,18.2,error,Failed to fetch subscription 9826468039: Too many attempts
2026-01-13T00:45:24.363+00:00,9709813959,N/A,18.2,error,Failed to fetch subscription 9709813959: Too many attempts
2026-01-13T00:45:24.480+00:00,9592406215,N/A,18.2,error,Failed to fetch subscription 9592406215: Too many attempts
2026-01-13T00:45:24.602+00:00,9503015111,N/A,18.2,error,Failed to fetch subscription 9503015111: Too many attempts
2026-01-13T00:45:24.716+00:00,9435775175,N/A,18.2,error,Failed to fetch subscription 9435775175: Too many attempts
2026-01-13T00:45:24.839+00:00,9417883847,N/A,18.2,error,Failed to fetch subscription 9417883847: Too many attempts
2026-01-13T00:45:24.954+00:00,9240084679,N/A,18.2,error,Failed to fetch subscription 9240084679: Too many attempts
2026-01-13T00:45:25.083+00:00,9227337927,N/A,18.2,error,Failed to fetch subscription 9227337927: Too many attempts
2026-01-13T00:45:25.226+00:00,9141092551,N/A,18.2,error,Failed to fetch subscription 9141092551: Too many attempts
2026-01-13T00:45:25.348+00:00,9097183431,N/A,18.2,error,Failed to fetch subscription 9097183431: Too many attempts
2026-01-13T00:45:25.459+00:00,8994291911,N/A,18.2,error,Failed to fetch subscription 8994291911: Too many attempts
2026-01-13T00:45:25.578+00:00,8970666183,N/A,18.2,error,Failed to fetch subscription 8970666183: Too many attempts
2026-01-13T00:45:25.694+00:00,8845361351,N/A,18.2,error,Failed to fetch subscription 8845361351: Too many attempts
2026-01-13T00:45:25.821+00:00,8844738759,N/A,18.2,error,Failed to fetch subscription 8844738759: Too many attempts
2026-01-13T00:45:25.944+00:00,8841560263,18.2,18.2,success,
2026-01-13T00:45:27.690+00:00,8767340743,15.9,18.2,success,
2026-01-13T00:45:29.434+00:00,8543502535,15.9,18.2,success,
2026-01-13T00:45:31.491+00:00,8138162375,15.9,18.2,success,
2026-01-13T00:45:33.172+00:00,7870709959,15.9,18.2,success,
2026-01-13T00:45:34.793+00:00,7526187207,18.2,18.2,success,
2026-01-13T00:45:36.853+00:00,6983745735,15.9,18.2,success,
2026-01-13T00:45:38.561+00:00,6766198983,15.9,18.2,success,
2026-01-13T00:45:40.236+00:00,6747128007,15.9,18.2,success,
2026-01-13T00:45:41.693+00:00,5889097927,15.9,18.2,success,
2026-01-13T00:45:43.484+00:00,5694783687,16.9,18.2,success,
2026-01-13T00:45:45.293+00:00,5676105927,16.9,18.2,success,
2026-01-13T00:45:47.159+00:00,5570855111,15.9,18.2,success,
2026-01-13T00:45:49.318+00:00,5540675783,15.9,18.2,success,
2026-01-13T00:45:50.739+00:00,5449580743,15.9,18.2,success,
2026-01-13T00:45:52.953+00:00,5348425927,15.9,18.2,success,
2026-01-13T00:45:54.534+00:00,2903310535,15.9,18.2,success,
2026-01-13T00:45:56.406+00:00,2867036359,15.9,18.2,success,
2026-01-13T00:45:57.877+00:00,2851406023,18.2,18.2,success,
2026-01-13T00:45:59.598+00:00,2812838087,15.9,18.2,success,
2026-01-13T00:46:01.543+00:00,2728329415,15.9,18.2,success,
2026-01-13T00:46:03.087+00:00,2698838215,15.9,18.2,success,
2026-01-13T00:46:04.617+00:00,2689663175,15.9,18.2,success,
2026-01-13T00:46:06.994+00:00,2684027079,18.2,18.2,success,
2026-01-13T00:46:09.132+00:00,2590146759,15.9,18.2,success,
2026-01-13T00:46:10.967+00:00,2589950151,15.9,18.2,success,
2026-01-13T00:46:12.516+00:00,2551775431,16.9,18.2,success,
2026-01-13T00:46:14.102+00:00,2551578823,15.9,18.2,success,
2026-01-13T00:46:15.691+00:00,2543845575,18.2,18.2,success,
2026-01-13T00:46:17.111+00:00,2501542087,15.9,18.2,success,
2026-01-13T00:51:20.811+00:00,20282704071,16.9,18.2,error,Failed to update subscription 20282704071: Only active and paused subscriptions can be edited
2026-01-13T00:51:21.242+00:00,20222771399,16.9,18.2,success,
2026-01-13T00:51:22.664+00:00,20217036999,16.9,18.2,success,
2026-01-13T00:51:23.982+00:00,20207108295,16.9,18.2,success,
2026-01-13T00:51:26.122+00:00,20191707335,18.2,18.2,success,
2026-01-13T00:51:27.499+00:00,19970523335,16.9,18.2,error,Failed to update subscription 19970523335: Only active and paused subscriptions can be edited
2026-01-13T00:51:28.422+00:00,19834896583,18.2,18.2,success,
2026-01-13T00:51:30.345+00:00,19787350215,16.9,18.2,success,
2026-01-13T00:51:32.039+00:00,19757957319,16.9,18.2,success,
2026-01-13T00:51:33.552+00:00,19656671431,16.9,18.2,success,
2026-01-13T00:51:35.284+00:00,19597918407,16.9,18.2,success,
2026-01-13T00:51:36.652+00:00,19517735111,16.9,18.2,success,
2026-01-13T00:51:38.545+00:00,19453608135,16.9,18.2,success,
2026-01-13T00:51:39.892+00:00,19435749575,16.9,18.2,success,
2026-01-13T00:51:41.486+00:00,19430375623,18.2,18.2,success,
2026-01-13T00:51:43.144+00:00,19398033607,16.9,18.2,success,
2026-01-13T00:51:44.929+00:00,19230097607,15.9,18.2,success,
2026-01-13T00:51:46.391+00:00,19218890951,15.9,18.2,success,
2026-01-13T00:51:48.070+00:00,19181011143,15.9,18.2,success,
2026-01-13T00:51:49.785+00:00,19149914311,15.9,18.2,success,
2026-01-13T00:51:51.399+00:00,19137790151,15.9,18.2,success,
2026-01-13T00:51:53.346+00:00,19134808263,16.9,18.2,success,
2026-01-13T00:51:54.947+00:00,18966249671,15.9,18.2,success,
2026-01-13T00:51:56.352+00:00,18962907335,15.9,18.2,success,
2026-01-13T00:51:57.794+00:00,18945245383,15.9,18.2,success,
2026-01-13T00:51:59.230+00:00,18942001351,16.9,18.2,error,Failed to update subscription 18942001351: Only active and paused subscriptions can be edited
2026-01-13T00:51:59.498+00:00,18931253447,18.2,18.2,success,
2026-01-13T00:52:02.010+00:00,18917130439,18.2,18.2,success,
2026-01-13T00:52:04.085+00:00,18835013831,15.9,18.2,success,
2026-01-13T00:52:05.717+00:00,18765152455,15.9,18.2,success,
2026-01-13T00:52:07.096+00:00,17705730247,N/A,18.2,error,Failed to fetch subscription 17705730247: Too many attempts
2026-01-13T00:52:07.212+00:00,17536516295,N/A,18.2,error,Failed to fetch subscription 17536516295: Too many attempts
2026-01-13T00:52:07.348+00:00,17531863239,N/A,18.2,error,Failed to fetch subscription 17531863239: Too many attempts
2026-01-13T00:52:07.458+00:00,17493590215,N/A,18.2,error,Failed to fetch subscription 17493590215: Too many attempts
2026-01-13T00:52:07.602+00:00,15936127175,N/A,18.2,error,Failed to fetch subscription 15936127175: Too many attempts
2026-01-13T00:52:07.716+00:00,15929245895,N/A,18.2,error,Failed to fetch subscription 15929245895: Too many attempts
2026-01-13T00:52:07.830+00:00,15920332999,N/A,18.2,error,Failed to fetch subscription 15920332999: Too many attempts
2026-01-13T00:52:07.950+00:00,15918760135,N/A,18.2,error,Failed to fetch subscription 15918760135: Too many attempts
2026-01-13T00:52:08.076+00:00,15678832839,N/A,18.2,error,Failed to fetch subscription 15678832839: Too many attempts
2026-01-13T00:52:08.191+00:00,15413510343,N/A,18.2,error,Failed to fetch subscription 15413510343: Too many attempts
2026-01-13T00:52:08.311+00:00,15293055175,N/A,18.2,error,Failed to fetch subscription 15293055175: Too many attempts
2026-01-13T00:52:08.450+00:00,15199699143,N/A,18.2,error,Failed to fetch subscription 15199699143: Too many attempts
2026-01-13T00:52:08.562+00:00,14957609159,N/A,18.2,error,Failed to fetch subscription 14957609159: Too many attempts
2026-01-13T00:52:08.772+00:00,14927331527,N/A,18.2,error,Failed to fetch subscription 14927331527: Too many attempts
2026-01-13T00:52:08.886+00:00,14921498823,N/A,18.2,error,Failed to fetch subscription 14921498823: Too many attempts
2026-01-13T00:52:09.004+00:00,14911832263,N/A,18.2,error,Failed to fetch subscription 14911832263: Too many attempts
2026-01-13T00:52:09.127+00:00,14698348743,N/A,18.2,error,Failed to fetch subscription 14698348743: Too many attempts
2026-01-13T00:52:09.248+00:00,14427193543,N/A,18.2,error,Failed to fetch subscription 14427193543: Too many attempts
2026-01-13T00:52:09.365+00:00,14283538631,N/A,18.2,error,Failed to fetch subscription 14283538631: Too many attempts
2026-01-13T00:52:09.480+00:00,14192836807,N/A,18.2,error,Failed to fetch subscription 14192836807: Too many attempts
2026-01-13T00:52:09.604+00:00,13729530055,N/A,18.2,error,Failed to fetch subscription 13729530055: Too many attempts
2026-01-13T00:52:09.722+00:00,13729398983,N/A,18.2,error,Failed to fetch subscription 13729398983: Too many attempts
2026-01-13T00:52:09.838+00:00,13728678087,N/A,18.2,error,Failed to fetch subscription 13728678087: Too many attempts
2026-01-13T00:52:09.955+00:00,13697548487,N/A,18.2,error,Failed to fetch subscription 13697548487: Too many attempts
2026-01-13T00:52:10.078+00:00,13291749575,N/A,18.2,error,Failed to fetch subscription 13291749575: Too many attempts
2026-01-13T00:52:10.208+00:00,13241745607,N/A,18.2,error,Failed to fetch subscription 13241745607: Too many attempts
2026-01-13T00:52:10.322+00:00,13175423175,N/A,18.2,error,Failed to fetch subscription 13175423175: Too many attempts
2026-01-13T00:52:10.469+00:00,13141475527,N/A,18.2,error,Failed to fetch subscription 13141475527: Too many attempts
2026-01-13T00:52:10.576+00:00,12902924487,N/A,18.2,error,Failed to fetch subscription 12902924487: Too many attempts
2026-01-13T00:52:10.688+00:00,12734628039,N/A,18.2,error,Failed to fetch subscription 12734628039: Too many attempts
2026-01-13T00:52:10.802+00:00,12526289095,N/A,18.2,error,Failed to fetch subscription 12526289095: Too many attempts
2026-01-13T00:52:10.913+00:00,12245008583,N/A,18.2,error,Failed to fetch subscription 12245008583: Too many attempts
2026-01-13T00:52:11.026+00:00,12183994567,N/A,18.2,error,Failed to fetch subscription 12183994567: Too many attempts
2026-01-13T00:52:11.142+00:00,12144738503,N/A,18.2,error,Failed to fetch subscription 12144738503: Too many attempts
2026-01-13T00:52:11.258+00:00,12112298183,N/A,18.2,error,Failed to fetch subscription 12112298183: Too many attempts
2026-01-13T00:52:11.374+00:00,12080545991,N/A,18.2,error,Failed to fetch subscription 12080545991: Too many attempts
2026-01-13T00:52:11.655+00:00,11939840199,N/A,18.2,error,Failed to fetch subscription 11939840199: Too many attempts
2026-01-13T00:52:11.770+00:00,11920965831,N/A,18.2,error,Failed to fetch subscription 11920965831: Too many attempts
2026-01-13T00:52:11.880+00:00,11673370823,N/A,18.2,error,Failed to fetch subscription 11673370823: Too many attempts
2026-01-13T00:52:11.991+00:00,11655872711,N/A,18.2,error,Failed to fetch subscription 11655872711: Too many attempts
2026-01-13T00:52:12.107+00:00,11600756935,N/A,18.2,error,Failed to fetch subscription 11600756935: Too many attempts
2026-01-13T00:52:12.225+00:00,11553145031,N/A,18.2,error,Failed to fetch subscription 11553145031: Too many attempts
2026-01-13T00:52:12.336+00:00,10006134983,N/A,18.2,error,Failed to fetch subscription 10006134983: Too many attempts
2026-01-13T00:52:12.454+00:00,9873359047,N/A,18.2,error,Failed to fetch subscription 9873359047: Too many attempts
2026-01-13T00:52:12.578+00:00,9826468039,N/A,18.2,error,Failed to fetch subscription 9826468039: Too many attempts
2026-01-13T00:52:12.688+00:00,9709813959,N/A,18.2,error,Failed to fetch subscription 9709813959: Too many attempts
2026-01-13T00:52:12.798+00:00,9592406215,N/A,18.2,error,Failed to fetch subscription 9592406215: Too many attempts
2026-01-13T00:52:12.916+00:00,9503015111,N/A,18.2,error,Failed to fetch subscription 9503015111: Too many attempts
2026-01-13T00:52:13.032+00:00,9435775175,N/A,18.2,error,Failed to fetch subscription 9435775175: Too many attempts
2026-01-13T00:52:13.153+00:00,9417883847,N/A,18.2,error,Failed to fetch subscription 9417883847: Too many attempts
2026-01-13T00:52:13.291+00:00,9240084679,N/A,18.2,error,Failed to fetch subscription 9240084679: Too many attempts
2026-01-13T00:52:13.407+00:00,9227337927,N/A,18.2,error,Failed to fetch subscription 9227337927: Too many attempts
2026-01-13T00:52:13.517+00:00,9141092551,N/A,18.2,error,Failed to fetch subscription 9141092551: Too many attempts
2026-01-13T00:52:13.636+00:00,9097183431,N/A,18.2,error,Failed to fetch subscription 9097183431: Too many attempts
2026-01-13T00:52:13.751+00:00,8994291911,N/A,18.2,error,Failed to fetch subscription 8994291911: Too many attempts
2026-01-13T00:52:13.905+00:00,8970666183,N/A,18.2,error,Failed to fetch subscription 8970666183: Too many attempts
2026-01-13T00:52:14.022+00:00,8845361351,N/A,18.2,error,Failed to fetch subscription 8845361351: Too many attempts
2026-01-13T00:52:14.154+00:00,8844738759,N/A,18.2,error,Failed to fetch subscription 8844738759: Too many attempts
2026-01-13T00:53:22.072+00:00,17536516295,15.9,18.2,success,
2026-01-13T00:53:23.490+00:00,17531863239,16.9,18.2,success,
2026-01-13T00:53:24.874+00:00,17493590215,15.9,18.2,success,
2026-01-13T00:53:26.297+00:00,15936127175,16.9,18.2,success,
2026-01-13T00:53:28.200+00:00,15929245895,15.9,18.2,success,
2026-01-13T00:53:29.631+00:00,15920332999,15.9,18.2,success,
2026-01-13T00:53:31.097+00:00,15918760135,15.9,18.2,success,
2026-01-13T00:53:32.593+00:00,15678832839,15.9,18.2,success,
2026-01-13T00:53:34.229+00:00,15413510343,16.9,18.2,success,
2026-01-13T00:53:35.651+00:00,15293055175,15.9,18.2,success,
2026-01-13T00:53:37.519+00:00,15199699143,15.9,18.2,success,
2026-01-13T00:53:39.258+00:00,14957609159,15.9,18.2,success,
2026-01-13T00:53:41.063+00:00,14927331527,15.9,18.2,success,
2026-01-13T00:53:42.796+00:00,14921498823,15.9,18.2,success,
2026-01-13T00:53:44.716+00:00,14911832263,18.2,18.2,success,
2026-01-13T00:53:46.885+00:00,14698348743,15.9,18.2,success,
2026-01-13T00:53:48.738+00:00,14427193543,15.9,18.2,success,
2026-01-13T00:53:50.290+00:00,14283538631,15.9,18.2,success,
2026-01-13T00:53:51.982+00:00,14192836807,15.9,18.2,success,
2026-01-13T00:53:53.302+00:00,13729530055,15.9,18.2,success,
2026-01-13T00:53:55.044+00:00,13729398983,15.9,18.2,success,
2026-01-13T00:53:57.169+00:00,13728678087,18.2,18.2,success,
2026-01-13T00:53:58.813+00:00,13697548487,15.9,18.2,success,
2026-01-13T00:54:00.345+00:00,13291749575,16.9,18.2,success,
2026-01-13T00:54:02.679+00:00,13241745607,16.9,18.2,success,
2026-01-13T00:54:04.423+00:00,13175423175,15.9,18.2,success,
2026-01-13T00:54:05.759+00:00,13141475527,16.9,18.2,success,
2026-01-13T00:54:07.571+00:00,12902924487,15.9,18.2,success,
2026-01-13T00:54:09.252+00:00,12734628039,16.9,18.2,success,
2026-01-13T00:54:10.979+00:00,12526289095,15.9,18.2,success,
2026-01-13T00:54:12.576+00:00,12245008583,N/A,18.2,error,Failed to fetch subscription 12245008583: Too many attempts
2026-01-13T00:54:12.772+00:00,12183994567,N/A,18.2,error,Failed to fetch subscription 12183994567: Too many attempts
2026-01-13T00:54:12.950+00:00,12144738503,N/A,18.2,error,Failed to fetch subscription 12144738503: Too many attempts
2026-01-13T00:54:13.065+00:00,12112298183,N/A,18.2,error,Failed to fetch subscription 12112298183: Too many attempts
2026-01-13T00:54:13.186+00:00,12080545991,N/A,18.2,error,Failed to fetch subscription 12080545991: Too many attempts
2026-01-13T00:54:13.303+00:00,11939840199,N/A,18.2,error,Failed to fetch subscription 11939840199: Too many attempts
2026-01-13T00:54:13.419+00:00,11920965831,N/A,18.2,error,Failed to fetch subscription 11920965831: Too many attempts
2026-01-13T00:54:13.535+00:00,11673370823,N/A,18.2,error,Failed to fetch subscription 11673370823: Too many attempts
2026-01-13T00:54:13.642+00:00,11655872711,N/A,18.2,error,Failed to fetch subscription 11655872711: Too many attempts
2026-01-13T00:54:13.749+00:00,11600756935,N/A,18.2,error,Failed to fetch subscription 11600756935: Too many attempts
2026-01-13T00:54:13.867+00:00,11553145031,N/A,18.2,error,Failed to fetch subscription 11553145031: Too many attempts
2026-01-13T00:54:13.984+00:00,10006134983,N/A,18.2,error,Failed to fetch subscription 10006134983: Too many attempts
2026-01-13T00:54:14.105+00:00,9873359047,N/A,18.2,error,Failed to fetch subscription 9873359047: Too many attempts
2026-01-13T00:54:14.267+00:00,9826468039,N/A,18.2,error,Failed to fetch subscription 9826468039: Too many attempts
2026-01-13T00:54:14.377+00:00,9709813959,N/A,18.2,error,Failed to fetch subscription 9709813959: Too many attempts
2026-01-13T00:54:14.491+00:00,9592406215,N/A,18.2,error,Failed to fetch subscription 9592406215: Too many attempts
2026-01-13T00:54:14.604+00:00,9503015111,N/A,18.2,error,Failed to fetch subscription 9503015111: Too many attempts
2026-01-13T00:54:14.716+00:00,9435775175,N/A,18.2,error,Failed to fetch subscription 9435775175: Too many attempts
2026-01-13T00:54:14.832+00:00,9417883847,N/A,18.2,error,Failed to fetch subscription 9417883847: Too many attempts
2026-01-13T00:54:14.956+00:00,9240084679,N/A,18.2,error,Failed to fetch subscription 9240084679: Too many attempts
2026-01-13T00:54:15.081+00:00,9227337927,N/A,18.2,error,Failed to fetch subscription 9227337927: Too many attempts
2026-01-13T00:54:15.225+00:00,9141092551,N/A,18.2,error,Failed to fetch subscription 9141092551: Too many attempts
2026-01-13T00:54:15.356+00:00,9097183431,N/A,18.2,error,Failed to fetch subscription 9097183431: Too many attempts
2026-01-13T00:54:15.472+00:00,8994291911,N/A,18.2,error,Failed to fetch subscription 8994291911: Too many attempts
2026-01-13T00:54:15.586+00:00,8970666183,N/A,18.2,error,Failed to fetch subscription 8970666183: Too many attempts
2026-01-13T00:54:15.702+00:00,8845361351,N/A,18.2,error,Failed to fetch subscription 8845361351: Too many attempts
2026-01-13T00:54:15.810+00:00,8844738759,N/A,18.2,error,Failed to fetch subscription 8844738759: Too many attempts
2026-01-13T00:55:24.257+00:00,12245008583,16.9,18.2,success,
2026-01-13T00:55:25.755+00:00,12183994567,18.2,18.2,success,
2026-01-13T00:55:27.649+00:00,12144738503,15.9,18.2,success,
2026-01-13T00:55:29.699+00:00,12112298183,18.2,18.2,success,
2026-01-13T00:55:31.141+00:00,12080545991,16.9,18.2,success,
2026-01-13T00:55:32.991+00:00,11939840199,18.2,18.2,success,
2026-01-13T00:55:34.853+00:00,11920965831,16.9,18.2,success,
2026-01-13T00:55:36.800+00:00,11673370823,15.9,18.2,success,
2026-01-13T00:55:38.123+00:00,11655872711,15.9,18.2,success,
2026-01-13T00:55:39.493+00:00,11600756935,15.9,18.2,success,
2026-01-13T00:55:41.543+00:00,11553145031,15.9,18.2,success,
2026-01-13T00:55:43.223+00:00,10006134983,15.9,18.2,success,
2026-01-13T00:55:44.857+00:00,9873359047,15.9,18.2,success,
2026-01-13T00:55:46.631+00:00,9826468039,16.9,18.2,success,
2026-01-13T00:55:48.074+00:00,9709813959,15.9,18.2,success,
2026-01-13T00:55:49.504+00:00,9592406215,18.2,18.2,success,
2026-01-13T00:55:51.171+00:00,9503015111,18.2,18.2,success,
2026-01-13T00:55:52.699+00:00,9435775175,18.2,18.2,success,
2026-01-13T00:55:55.067+00:00,9417883847,15.9,18.2,success,
2026-01-13T00:55:57.198+00:00,9240084679,15.9,18.2,success,
2026-01-13T00:55:58.650+00:00,9227337927,15.9,18.2,success,
2026-01-13T00:56:00.505+00:00,9141092551,16.9,18.2,success,
2026-01-13T00:56:02.611+00:00,9097183431,15.9,18.2,success,
2026-01-13T00:56:04.474+00:00,8994291911,16.9,18.2,success,
2026-01-13T00:56:05.983+00:00,8970666183,15.9,18.2,success,
2026-01-13T00:56:07.485+00:00,8845361351,15.9,18.2,success,
2026-01-13T00:56:09.937+00:00,8844738759,15.9,18.2,success,
